{
  "intercept": -6.439353556936258,
  "feature_names": [
    "refi_lin",
    "refi_k-150",
    "refi_k-50",
    "refi_k0",
    "refi_k50",
    "refi_k100",
    "refi_k150",
    "refi_k250",
    "age_lin",
    "age_k12",
    "age_k36",
    "age_k60",
    "age_k84",
    "age_k120",
    "age_k180",
    "pen_lin",
    "pen_k0",
    "pen_k2",
    "pen_k5",
    "pen_k8",
    "sato_lin",
    "sato_k-100",
    "sato_k-25",
    "sato_k25",
    "sato_k100",
    "size_lin",
    "size_k2",
    "size_k10",
    "size_k25",
    "m2m_lin",
    "m2m_k12",
    "m2m_k24",
    "m2m_k60",
    "mpl_lin",
    "mpl_k6",
    "mpl_k12",
    "mpl_k24",
    "refi_x_pen",
    "in_penalty",
    "fha_221d4",
    "fha_223a7",
    "fha_232",
    "fha_538",
    "fha_241",
    "fha_220",
    "fha_other",
    "is_nc",
    "aff_aff",
    "aff_baf",
    "aff_mkt",
    "is_modified",
    "is_non_level",
    "is_mature"
  ],
  "knots": {
    "refi": [
      -150,
      -50,
      0,
      50,
      100,
      150,
      250
    ],
    "age": [
      12,
      36,
      60,
      84,
      120,
      180
    ],
    "pen": [
      0,
      2,
      5,
      8
    ],
    "sato": [
      -100,
      -25,
      25,
      100
    ],
    "size": [
      2,
      10,
      25
    ],
    "m2m": [
      12,
      24,
      60
    ],
    "mpl": [
      6,
      12,
      24
    ]
  },
  "train_period_min": "201812",
  "train_period_max": "202406",
  "test_period_min": "202407",
  "test_period_max": "202603",
  "train_n": 932014,
  "test_n": 308876,
  "train_events": 8881,
  "test_events": 749,
  "train_auc": 0.7696303109019891,
  "test_auc": 0.579159396298382,
  "train_pred_cpr_pct": 10.847772224571505,
  "test_pred_cpr_pct": 4.218868532841946,
  "train_actual_cpr_pct": 10.85395435171186,
  "test_actual_cpr_pct": 2.8714079823017324
}